Filename,Mean Pitch (Hz),Mean F1 (Hz),Mean F2 (Hz),Mean Intensity (dB)
a_102ct1.wav,371.1697316,743.452319,1479.335735,76.44445518
a_102ct2.wav,353.8717898,704.0619359,1401.231343,63.66536688
a_102ct3.wav,372.1492181,707.075128,1236.099634,79.97331557
a_102ct4.wav,281.3255677,828.2437555,1408.909995,78.04082657
a_108ct1.wav,372.92116,644.5361675,1562.455109,77.67735687
a_108ct2.wav,235.1696004,576.9006593,1475.578549,71.56790213
a_108ct3.wav,362.5130848,671.1409543,1458.152503,77.39321461
a_108ct4.wav,339.8734366,669.6017954,1593.26739,82.42784597
a_161ct1.wav,366.4876441,731.5490931,1514.909522,81.39180851
a_161ct2.wav,361.5485879,752.117771,1488.825613,78.34918377
a_161ct3.wav,353.4617097,751.1564139,1410.534305,77.4541879
a_161ct4.wav,387.9757651,831.1474461,1376.823596,84.63416623
a_164ct1.wav,361.8040705,512.3917655,1872.269134,77.6273833
a_164ct2.wav,355.9200356,382.5606953,2020.223841,75.6682857
a_164ct3.wav,343.1057859,514.0725473,1689.683805,74.42880885
a_164ct4.wav,336.800299,598.9650929,1985.373545,75.97556012
a_172ct1.wav,372.6892422,689.3559895,1450.584049,82.10739046
a_172ct2.wav,385.9136719,636.6692772,1480.429824,77.50583411
a_172ct3.wav,356.1024685,717.6502686,1638.28799,81.24169639
a_172ct4.wav,340.9015882,712.6598638,1587.697743,84.06543105
a_174ct1.wav,375.641989,758.137635,1380.712727,80.52984087
a_174ct2.wav,375.060444,758.3672445,1272.594562,80.1744507
a_174ct3.wav,362.0375691,757.9385371,1425.927892,79.71801711
a_174ct4.wav,354.6946114,875.0051773,1351.72571,79.40833605
a_179ct1.wav,373.8126342,740.9283629,1377.963986,76.74921087
a_179ct2.wav,365.8243237,731.7429643,1304.812006,74.22927482
a_179ct3.wav,365.072935,734.3345928,1179.181212,78.08627568
a_179ct4.wav,309.1402977,736.6778355,1161.654047,79.75582173
a_186ct1.wav,368.4392324,739.0966251,1461.506924,78.32127657
a_186ct2.wav,382.4946814,745.3233677,1433.772322,76.22751599
a_186ct3.wav,349.2764258,746.3784149,1392.473694,76.1405781
a_186ct4.wav,300.3504904,826.8487641,1410.364083,72.56940389
a_189ct1.wav,354.2089581,705.6585538,1585.619308,78.40170945
a_189ct2.wav,389.725583,620.8997055,1482.833465,78.54099355
a_189ct3.wav,360.8623598,706.5250559,1455.284163,79.97535738
a_189ct4.wav,346.9305522,728.1657898,1716.335285,83.99960613
a_190ct1.wav,378.4658946,465.5861749,1760.151093,76.1425897
a_190ct2.wav,416.8021793,498.9485939,2090.077408,79.82033925
a_190ct3.wav,412.6741057,545.7445923,1984.831445,77.48094263
a_190ct4.wav,363.0454509,467.5969637,2098.760702,79.82342877
a_192ct1.wav,425.711608,849.7306117,1588.948911,79.43818603
a_192ct2.wav,444.5495231,892.9902048,1640.363068,77.97051299
a_192ct3.wav,428.0975515,852.4133623,1387.766311,79.63862053
a_192ct4.wav,428.9087312,929.7185926,1367.897418,83.53600851
a_193ct1.wav,412.1925603,602.9066357,1382.877969,76.5542216
a_193ct2.wav,431.2347084,751.4806954,1825.116613,75.37421652
a_193ct3.wav,408.1193728,620.0503214,1386.293134,78.60330628
a_193ct4.wav,391.8594342,806.272695,1729.8621,80.32628507
a_195ct1.wav,373.7265789,549.4641023,1493.234811,73.39317295
a_195ct2.wav,370.0418151,508.6586988,1509.653801,73.84653521
a_195ct3.wav,316.2410963,561.9453541,1392.26626,70.60912684
a_195ct4.wav,323.1247579,737.9592856,1775.695046,72.95259389
a_197ct1.wav,355.852692,722.6171106,1484.532932,65.05513735
a_197ct2.wav,368.5422601,834.0582982,1219.907553,74.94200103
a_197ct3.wav,345.6361799,745.5531666,1363.773249,82.79543952
a_197ct4.wav,436.5055559,890.6807851,1491.998617,68.72399759
a_202ct1.wav,362.9727789,651.0828442,1670.522064,76.61230366
a_202ct2.wav,196.9648165,652.4873188,1560.449666,76.72111063
a_202ct3.wav,364.7517655,649.732507,1344.254808,75.552437
a_202ct4.wav,363.7283885,630.4767849,1545.223252,84.22104576
a_204ct1.wav,358.1815726,681.855013,1842.443865,80.85489772
a_204ct2.wav,371.0562083,665.4317352,1591.865838,76.8874449
a_204ct3.wav,352.9569279,778.7491186,1551.391569,78.03353988
a_204ct4.wav,336.6200842,711.1632721,1630.736589,84.69131569
a_281ct1.wav,360.1852578,658.573358,1435.763016,74.49328231
a_281ct2.wav,358.3086311,406.0017106,1376.160159,74.68568142
a_281ct3.wav,350.5649876,493.1201225,1348.012338,77.04099423
a_281ct4.wav,344.3259692,634.5041002,1386.890358,75.18520803
a_283ct1.wav,365.0462474,573.3424682,1895.081505,79.99202794
a_283ct2.wav,369.8802754,396.1217792,1642.525293,78.39298331
a_283ct3.wav,354.7748317,626.4442559,1553.28853,79.57575253
a_283ct4.wav,341.5637775,800.1097316,1812.925032,83.35022801
a_284ct1.wav,369.6883793,704.801375,1538.594482,84.1687017
a_284ct2.wav,190.3581317,534.0408239,1490.470065,76.16637899
a_284ct3.wav,362.5237314,662.2519989,1446.999552,83.59502585
a_284ct4.wav,329.1348218,647.4939118,1568.020534,87.16532063
a_285ct1.wav,418.0044803,789.0295204,1603.22586,77.43597388
a_285ct2.wav,311.205394,752.1856914,1695.821579,76.37318226
a_285ct3.wav,414.8620212,837.9882975,1681.750059,72.55847384
a_285ct4.wav,407.1310802,838.2742881,1494.706927,81.27189384
a_288ct1.wav,382.7364864,518.0976696,1787.385081,80.38172458
a_288ct2.wav,416.7153165,522.023905,1720.470128,75.57412244
a_288ct3.wav,426.1139077,450.1222497,1751.578388,80.28412426
a_288ct4.wav,375.8578078,474.7785083,1837.266118,77.09326794
a_297ct1.wav,365.306958,688.9490082,1691.983543,74.39401779
a_297ct2.wav,376.8286313,506.3659248,1555.77084,75.57490091
a_297ct3.wav,350.3169264,672.6536139,1702.828444,75.15331372
a_297ct4.wav,297.608646,649.545786,1692.372967,82.03112864
a_300ct1.wav,375.4199778,595.353617,1934.002984,76.20683007
a_300ct2.wav,380.6378761,429.6772953,1868.122949,77.31841194
a_300ct3.wav,360.3419596,651.2920961,2211.930645,75.88209481
a_300ct4.wav,357.6272969,797.0173108,2168.721998,81.35507066
a_310ct1.wav,393.2804108,787.2184555,1523.469888,78.78660138
a_310ct2.wav,369.6839988,775.1435169,1311.300196,72.90109685
a_310ct3.wav,355.6614905,735.4817705,1425.193931,75.50627905
a_310ct4.wav,361.5219323,828.2631988,1495.376372,73.70182213
a_312ct1.wav,429.7004269,752.152796,1473.644591,78.28053534
a_312ct2.wav,425.9338756,658.5708009,1656.766225,73.53795206
a_312ct3.wav,408.6082257,631.7452273,1423.29462,73.97707446
a_312ct4.wav,393.9051914,698.3017253,1419.967559,78.0926113
a_315ct1.wav,395.4764645,726.0529044,1564.462353,78.08852311
a_315ct2.wav,172.0350724,621.7023301,1661.367116,73.94991569
a_315ct3.wav,317.0889157,645.7525,1537.983684,83.93366369
a_315ct4.wav,299.1703567,679.9629378,1531.50361,84.40873973
a_321ct1.wav,375.5986928,442.3896413,1654.953801,59.94653017
a_321ct2.wav,369.7838997,516.5012217,1859.80405,49.27480261
a_321ct3.wav,373.7220004,545.3555503,1782.905325,67.61144429
a_321ct4.wav,395.1010103,620.2050026,1701.852315,68.45586294
a_326ct1.wav,370.0412214,742.1433815,1468.536305,78.11297061
a_326ct2.wav,359.8916206,654.0184672,1359.932727,72.05060217
a_326ct3.wav,347.9667367,683.7487237,1400.564177,82.5828116
a_326ct4.wav,261.4893699,628.8252897,1450.578264,81.40913367
a_336ct1.wav,378.4029438,690.0239182,1445.391022,64.35616985
a_336ct2.wav,379.753031,746.6538579,1335.968242,70.70595276
a_336ct3.wav,320.9355133,702.8862079,1454.606137,63.45430204
a_336ct4.wav,399.6862418,858.1533977,1522.588198,65.71830656
a_340ct1.wav,411.0505352,649.6049017,1341.366927,76.28067696
a_340ct2.wav,399.7527688,617.9733673,1493.911839,74.8757534
a_340ct3.wav,389.1902511,621.3385724,1450.430874,78.9114305
a_340ct4.wav,375.5651028,595.185321,1514.419248,78.24263467
a_342ct1.wav,390.8776413,631.1576849,1752.748433,76.56543347
a_342ct2.wav,409.9580834,489.2276087,1937.355724,76.58096586
a_342ct3.wav,404.5610067,443.3709423,1658.484406,80.56966944
a_342ct4.wav,404.2135689,518.4362823,1860.491703,78.63304131
a_344ct1.wav,419.3973337,462.6843484,1698.363547,63.92056206
a_344ct2.wav,349.6443616,525.6598305,1790.309945,64.78841782
a_344ct3.wav,418.3342949,465.5060799,1614.448944,64.00295184
a_344ct4.wav,421.6626419,457.4467682,1658.563302,61.06282163
a_346ct1.wav,436.673834,755.408694,1566.710014,75.16688031
a_346ct2.wav,424.7976643,745.1052132,1776.035264,72.60774449
a_346ct3.wav,400.9099033,556.7819709,1384.248909,71.57737907
a_346ct4.wav,319.4511171,682.7226928,1409.170366,78.70398178
a_347ct1.wav,416.6567514,632.9679733,1397.943056,77.36005899
a_347ct2.wav,413.1588643,520.3332521,1541.222966,76.17503068
a_347ct3.wav,395.9856701,495.3661611,1366.709029,80.17012675
a_347ct4.wav,336.431355,514.8518943,1414.225787,82.4064137
a_354ct1.wav,363.8562668,427.0982948,1871.924776,74.49612771
a_354ct2.wav,363.5749775,392.3428241,1985.976021,76.77649177
a_354ct3.wav,353.8591234,456.4928369,1764.046514,79.44871189
a_354ct4.wav,333.2975705,501.3731317,1897.555908,76.46572483
a_58ct1.wav,366.4342212,744.1377709,1435.243176,78.16216965
a_58ct2.wav,354.415037,664.8919724,1414.475342,69.47600089
a_58ct3.wav,349.1645167,745.037434,1374.285362,71.7904533
a_58ct4.wav,317.1130155,817.3788406,1403.916089,74.0570298
a_69ct1.wav,368.9974255,664.0683912,1467.329574,79.80341922
a_69ct2.wav,369.0615039,462.1540604,1490.558119,76.45235413
a_69ct3.wav,349.3421296,688.7181462,1472.3271,82.00717197
a_69ct4.wav,351.5635417,752.4707437,1607.036201,84.92833312
a_71ct1.wav,369.9746247,732.7162032,1337.988189,82.37732488
a_71ct2.wav,368.0472622,651.5182509,1277.247958,74.9064934
a_71ct3.wav,327.9137121,795.6118032,1341.625688,81.70945863
a_71ct4.wav,332.3714902,869.4903249,1409.285932,82.4458057
a_78ct1.wav,363.1157691,720.7535088,1388.804639,77.34277112
a_78ct2.wav,362.6546743,635.0680318,1581.157451,65.93786032
a_78ct3.wav,367.7933047,787.4760056,1304.373786,73.59199592
a_78ct4.wav,343.5669092,768.4922196,1287.038681,79.13932692
a_85ct1.wav,366.5223623,728.1247466,1439.723663,80.45593426
a_85ct2.wav,358.9349072,623.7317199,1261.387265,72.11203258
a_85ct3.wav,347.9000005,719.3255987,1301.077492,78.50514806
a_85ct4.wav,351.658726,828.6239304,1307.374237,84.274163
a_88ct1.wav,378.5522583,573.98868,1802.761593,78.68329238
a_88ct2.wav,381.6349117,452.234924,1795.057425,75.74068999
a_88ct3.wav,377.5214578,558.7732501,1665.951679,78.65413343
a_88ct4.wav,356.674807,661.8441386,1900.14848,81.44977244
a_90ct1.wav,443.7091495,820.1917007,1415.351738,76.95219268
a_90ct2.wav,430.7757042,859.9227245,1498.361558,70.32686968
a_90ct3.wav,433.6501224,789.0762246,1339.782566,71.98718151
a_90ct4.wav,298.3715405,844.4248805,1502.913931,81.01488836
a_93ct1.wav,374.3049255,736.9688137,1466.685402,82.17466197
a_93ct2.wav,398.16231,729.7882418,1520.844834,75.75463062
a_93ct3.wav,322.6104726,681.78988,1345.128175,77.03566225
a_93ct4.wav,369.7576282,713.4539591,1454.996664,83.55821562
a_94ct1.wav,391.0666202,638.4606109,1580.17769,73.13562845
a_94ct2.wav,204.9609712,562.348583,1454.717915,72.37420126
a_94ct3.wav,374.5809461,447.6241918,1209.393131,76.26232353
a_94ct4.wav,357.5078877,752.9280404,1819.032352,75.7866238
a_98ct1.wav,383.2482031,558.9353363,1459.141793,76.00959881
a_98ct2.wav,179.4365108,408.11759,1693.856088,73.76143445
a_98ct3.wav,338.9222284,515.1909383,1340.822405,76.16599274
a_98ct4.wav,348.0048137,627.1909797,1716.645878,75.32086274
b_104ct1.wav,361.1274452,720.3321788,1649.504324,79.51453844
b_104ct2.wav,365.7223399,509.5958026,1668.579323,74.29209608
b_104ct3.wav,352.7185775,659.1731386,1457.621965,76.58421543
b_104ct4.wav,365.2358134,745.3364355,1733.023421,80.075247
b_106ct1.wav,365.4247668,689.6702197,1628.719115,79.15676884
b_106ct2.wav,363.2410122,610.781287,1497.334144,73.2750479
b_106ct3.wav,361.1194962,644.443712,1417.369927,79.82458359
b_106ct4.wav,353.9939047,734.9090524,1507.852921,79.95012171
b_113ct1.wav,393.1444594,646.2126416,1608.997445,79.2865612
b_113ct2.wav,402.7611536,621.780039,1720.359498,73.76245184
b_113ct3.wav,369.4014705,553.7288192,1432.243008,79.63992775
b_113ct4.wav,366.0700874,571.2402183,1663.770891,81.15090396
b_115ct1.wav,355.4594206,734.8899446,1682.587915,76.38092651
b_115ct2.wav,367.923691,439.5607422,1631.983057,73.86549362
b_115ct3.wav,351.2058244,524.5860825,1508.274081,75.95985776
b_115ct4.wav,354.9140396,796.639735,1568.988003,74.04000191
b_117ct1.wav,372.450424,721.477209,1828.938768,78.93375141
b_117ct2.wav,376.3405374,678.4087888,1588.478793,73.91261514
b_117ct3.wav,368.9962214,618.2765433,1591.322991,79.84573066
b_117ct4.wav,363.7755641,711.3502006,1680.025558,76.54598406
b_125ct1.wav,358.3955929,754.3158445,1883.260671,78.09649587
b_125ct2.wav,301.7648642,496.910509,1779.439933,70.6818631
b_125ct3.wav,355.4616585,671.7275121,1581.905135,76.67319818
b_125ct4.wav,356.4265363,732.5103739,1934.055105,74.84323178
b_133ct1.wav,360.242113,708.246103,1749.714513,79.9012257
b_133ct2.wav,375.6444788,549.3669396,1703.519357,75.41554014
b_133ct3.wav,359.6389063,587.7420258,1570.832057,79.36018927
b_133ct4.wav,352.8182873,797.3202394,1661.501228,80.98199178
b_142ct1.wav,367.8713725,703.4035289,1877.346235,77.63183394
b_142ct2.wav,362.6624377,545.9368944,1777.963853,74.44843278
b_142ct3.wav,352.0347037,658.6349424,1677.706424,77.57745676
b_142ct4.wav,324.3555591,705.0589854,1838.650754,78.90721705
b_144ct1.wav,364.5168078,680.1039463,1787.90637,76.42736114
b_144ct2.wav,364.7923263,630.7974929,1440.126283,72.57972839
b_144ct3.wav,358.2806883,646.5423223,1449.268825,78.26263725
b_144ct4.wav,354.7385834,712.4324408,1670.92295,78.67995345
b_152ct1.wav,404.7520365,644.394879,1643.893476,76.90257569
b_152ct2.wav,403.6856275,630.1765928,1716.663683,73.01106279
b_152ct3.wav,376.5511408,582.0545286,1530.655364,78.19073408
b_152ct4.wav,370.6196132,597.1151796,1553.145798,79.95864979
b_157ct1.wav,379.9539877,617.683278,1613.896894,76.05432775
b_157ct2.wav,369.5850841,635.18225,1460.558398,73.29670489
b_157ct3.wav,363.3402095,624.8803496,1488.953139,79.72700837
b_157ct4.wav,357.6781653,705.0940466,1738.351149,79.12196325
b_159ct1.wav,402.8397777,601.2918227,1922.618302,67.19739532
b_159ct2.wav,400.531529,687.623194,1990.144187,64.10197083
b_159ct3.wav,386.1334387,538.741904,1744.375483,78.1382404
b_159ct4.wav,387.6407711,648.0979645,1963.497233,74.20268869
b_163ct1.wav,364.0463352,461.0437817,1495.298976,71.1225367
b_163ct2.wav,367.2279078,442.6090318,1679.074848,63.19891094
b_163ct3.wav,357.5450705,553.3408012,1451.370587,63.52775899
b_163ct4.wav,356.8606021,635.9706028,1688.863456,61.33505734
b_170ct1.wav,360.0303034,460.5043834,1555.744664,70.11329034
b_170ct2.wav,365.7658735,383.0416686,1529.921149,76.51105423
b_170ct3.wav,348.8921676,636.0282423,1484.365456,75.25120932
b_170ct4.wav,349.0538998,685.1292063,1467.339306,79.72911428
b_172ct1.wav,364.0784097,445.6731129,1501.021492,68.80386907
b_172ct2.wav,365.5841775,390.501126,1525.389787,74.49931793
b_172ct3.wav,356.1480439,514.7330086,1405.589389,76.77437976
b_172ct4.wav,363.286178,705.084911,1541.620286,73.12612458
b_17ct1.wav,361.1758453,712.8286837,1758.370504,81.09478284
b_17ct2.wav,375.6366243,554.0157658,1425.650899,73.58900139
b_17ct3.wav,338.4820313,654.8208313,1532.651951,74.79733167
b_17ct4.wav,339.5774943,666.6692547,1508.731682,76.57055364
b_211ct1.wav,402.9683998,510.2677008,1778.822116,74.38618159
b_211ct2.wav,399.0147805,534.7688864,1654.377773,73.04281941
b_211ct3.wav,379.7322137,411.310631,1577.114851,75.4384754
b_211ct4.wav,361.0476217,615.0097884,1823.653206,78.97582142
b_212ct1.wav,367.6297366,570.9785482,1857.108102,74.80695636
b_212ct2.wav,363.6033369,460.0116388,1783.63651,75.18315148
b_212ct3.wav,353.2095713,628.8305271,1616.133091,69.83533711
b_212ct4.wav,357.8137248,696.1437183,1965.415666,80.04533167
b_216ct1.wav,356.2626192,614.0850044,1881.912646,73.88562875
b_216ct2.wav,351.293611,445.0010725,1877.428691,69.90789131
b_216ct3.wav,362.713206,418.4668936,1633.34869,72.767429
b_216ct4.wav,355.5702284,652.1802879,1994.303318,75.9875149
b_238ct1.wav,365.2961992,640.0473406,1915.646703,80.08790356
b_238ct2.wav,376.4767442,496.6413704,1781.070902,76.4685349
b_238ct3.wav,361.8460309,521.6166933,1610.887617,79.87794304
b_238ct4.wav,360.6616483,736.2221149,1953.737777,79.88558451
b_247ct1.wav,357.0520781,682.0560592,1919.848837,75.99050198
b_247ct2.wav,355.0818752,561.0379585,1827.695691,75.73231909
b_247ct3.wav,358.9256167,615.7960764,1831.057472,75.6109749
b_247ct4.wav,391.0106624,663.5801058,1931.262351,79.77466577
b_252ct1.wav,395.5596951,578.6003363,1529.187547,75.24640392
b_252ct2.wav,363.3708411,620.6682545,1257.10495,73.93668652
b_252ct3.wav,346.7510681,646.4490494,1441.180801,75.87342741
b_252ct4.wav,356.7719572,724.0990952,1626.664942,82.4674216
b_263ct1.wav,414.5394283,487.0425261,1689.460199,70.65834189
b_263ct2.wav,405.654849,422.7838635,1618.64143,68.08921192
b_263ct3.wav,371.834394,457.6971397,1226.313536,77.88911637
b_263ct4.wav,300.2109939,389.0025773,1677.906865,78.73425137
b_268ct1.wav,375.9901354,498.5709263,1543.599031,76.48549707
b_268ct2.wav,359.0517372,397.8083678,1515.306211,76.48254665
b_268ct3.wav,341.5895638,568.9257412,1377.915724,76.47931191
b_268ct4.wav,346.8368725,776.9621361,2104.251998,74.65801793
b_272ct1.wav,371.4462473,724.4101043,1502.339362,79.10377314
b_272ct2.wav,364.9875939,691.5820579,1288.012865,75.32670814
b_272ct3.wav,359.758314,688.6158624,1412.455222,81.53432749
b_272ct4.wav,348.3525975,730.9482611,1542.469415,80.17264182
b_276ct1.wav,397.3799519,702.333612,1969.523245,56.52150101
b_276ct2.wav,400.7306782,607.1953865,1875.585439,53.2346322
b_276ct3.wav,389.5846398,520.3186013,1997.773366,77.52233488
b_276ct4.wav,402.4766989,683.3319111,2093.029645,72.67782734
b_279ct1.wav,351.1295284,748.0819219,1790.493777,78.96245296
b_279ct2.wav,365.374967,461.1595199,1780.200205,76.16915552
b_279ct3.wav,358.9647906,609.4654244,1712.982348,76.09650076
b_279ct4.wav,364.898239,683.9104588,1863.197245,74.42540615
b_280ct1.wav,371.0864009,620.7041338,1868.627347,79.42689014
b_280ct2.wav,367.28867,491.3694194,1655.424518,75.164232
b_280ct3.wav,355.2197545,724.2071819,1740.64587,74.50246684
b_280ct4.wav,364.9609839,653.4021684,1912.857775,74.90277363
b_292ct1.wav,408.0487626,428.8440735,1715.251008,80.60464794
b_292ct2.wav,380.9313493,432.6049574,1790.572992,77.70763983
b_292ct3.wav,361.3281599,421.6440205,1741.955439,79.47557936
b_292ct4.wav,357.4139955,597.6005553,2024.488985,78.90072608
b_299ct1.wav,393.412093,653.4825947,1554.652884,76.19129141
b_299ct2.wav,384.0394965,517.5549095,1396.070317,75.32348193
b_299ct3.wav,353.6011796,650.0003798,1490.989125,79.02277242
b_299ct4.wav,363.0185722,969.1368573,2093.657781,80.22962973
b_301ct1.wav,375.1025458,691.5684974,1534.358034,77.65257921
b_301ct2.wav,361.7231154,631.4913621,1326.849806,77.12034461
b_301ct3.wav,341.4606933,674.0034808,1414.837219,77.24251416
b_301ct4.wav,349.250864,727.7811089,1607.990839,78.75117928
b_311ct1.wav,407.9101633,449.3910082,1660.866299,69.34529136
b_311ct2.wav,211.5549076,469.0362441,1672.826385,69.53391
b_311ct3.wav,346.9988675,448.5302436,1290.826603,72.26975458
b_311ct4.wav,352.3938092,479.8765076,1568.865754,73.58281723
b_314ct1.wav,395.6748951,803.913555,1505.048515,79.49577582
b_314ct2.wav,204.858901,894.6698619,1142.815347,75.27186571
b_314ct3.wav,396.8432638,734.8532192,1190.356531,81.4300562
b_314ct4.wav,398.8408565,820.8465708,1687.647119,79.78723653
b_319ct1.wav,372.4127063,700.9045019,1550.037455,77.21459333
b_319ct2.wav,371.6685662,665.0103242,1425.647686,75.81997849
b_319ct3.wav,360.0211754,660.7144458,1392.900455,80.16944594
b_319ct4.wav,366.2489318,662.1766398,1700.238639,77.86290946
b_326ct1.wav,373.4453395,577.1046022,1892.560747,75.24656849
b_326ct2.wav,317.1982151,445.5797699,1862.384525,76.69599058
b_326ct3.wav,345.7219901,558.520284,1716.869036,76.41056784
b_326ct4.wav,348.6359793,628.4404563,1947.934696,79.62789182
b_329ct1.wav,375.119152,556.4199692,1595.647287,68.86733229
b_329ct2.wav,364.9867986,666.6694912,1679.542081,71.05496292
b_329ct3.wav,357.7425218,647.4232413,1837.347956,61.24921873
b_329ct4.wav,304.0536463,558.0145975,1717.600113,72.14743649
b_335ct1.wav,373.3966804,652.3507805,1500.99628,80.81746378
b_335ct2.wav,369.7402348,670.9020115,1644.648191,73.81945133
b_335ct3.wav,322.1498794,648.7598503,1383.34585,80.52838264
b_335ct4.wav,287.7674268,692.1728111,1405.016698,82.62297169
b_345ct1.wav,391.0831177,637.4214565,1511.141883,76.3725658
b_345ct2.wav,375.6735759,478.4280987,1451.419636,75.44857646
b_345ct3.wav,358.3414662,619.572003,1344.809211,79.53176683
b_345ct4.wav,335.0536888,822.5180294,1511.732819,79.38603478
b_347ct1.wav,370.5434882,822.1294029,1423.061616,78.08096068
b_347ct2.wav,366.8843208,758.6229827,1179.858957,78.43429326
b_347ct3.wav,356.8690454,715.3035311,1301.172191,83.07359329
b_347ct4.wav,345.6149798,783.6967359,1481.14991,83.02223637
b_348ct1.wav,372.9116487,470.3169354,1678.385056,70.70775389
b_348ct2.wav,363.0318888,513.6047987,1580.80057,71.81910057
b_348ct3.wav,356.7020311,629.9518106,1727.819803,69.04028555
b_348ct4.wav,371.3541291,799.9398195,1935.052051,70.27689078
b_356ct1.wav,407.2517748,541.2606543,1982.42491,76.27477978
b_356ct2.wav,402.8130778,510.2685608,1707.465709,77.42263806
b_356ct3.wav,381.2654746,459.0583805,1549.118832,82.06469759
b_356ct4.wav,363.8444137,714.5574895,2035.380198,79.85659929
b_358ct1.wav,403.3159894,432.9216435,1626.708598,72.99350236
b_358ct2.wav,409.8950198,433.0673755,1627.170214,69.60194437
b_358ct3.wav,370.5818174,497.2571934,1357.362423,78.11148586
b_358ct4.wav,376.0631104,468.3328289,1492.78937,75.17701043
b_364ct1.wav,372.3398191,454.9139019,1625.542938,74.4344087
b_364ct2.wav,371.4497037,413.2052137,1539.038131,76.66830643
b_364ct3.wav,348.0150854,576.4452046,1450.855535,75.55801497
b_364ct4.wav,342.9251784,851.0630136,1773.864128,72.4289571
b_366ct1.wav,378.2863294,700.613241,1635.569704,77.48503538
b_366ct2.wav,375.6603139,694.7454022,1492.807131,76.71458248
b_366ct3.wav,364.9810315,644.7726378,1509.807231,80.76683312
b_366ct4.wav,358.165671,739.2688669,1727.138624,79.90580352
b_370ct1.wav,367.3430773,436.5816285,1473.307722,75.66353565
b_370ct2.wav,360.19202,379.5554474,1505.092989,77.33654403
b_370ct3.wav,351.2279938,606.4740932,1463.779382,74.60440592
b_370ct4.wav,336.5836457,790.2171773,1788.036518,74.45648201
b_371ct1.wav,368.2818011,469.8728053,1483.254354,73.60117045
b_371ct2.wav,367.7254915,413.7106539,1419.493062,75.95387625
b_371ct3.wav,348.8541215,659.2366627,1424.057864,74.28630924
b_371ct4.wav,353.6648581,675.6676774,1461.210069,76.33191047
b_373ct1.wav,366.2792361,490.9248819,1488.149069,69.34104478
b_373ct2.wav,369.0818549,540.0420514,1747.108833,53.94090234
b_373ct3.wav,358.3819182,507.668918,1609.538931,51.66455623
b_373ct4.wav,353.4451709,713.8017645,1756.794708,49.34879265
b_377ct1.wav,371.0796205,412.7730438,1517.339191,72.08160136
b_377ct2.wav,368.1635641,445.6914438,1586.101789,61.12977227
b_377ct3.wav,367.6104513,496.2142296,1597.201077,57.89266376
b_377ct4.wav,355.2378544,852.4267204,1989.959414,58.02020498
b_381ct1.wav,369.6160456,405.9448227,1512.132622,71.86896899
b_381ct2.wav,367.1990456,405.9555974,1589.375365,69.9556915
b_381ct3.wav,334.9498513,410.4707351,1544.729822,60.45092463
b_381ct4.wav,353.8534792,821.2444515,1949.038771,56.63324197
b_385ct1.wav,370.6000521,414.9298075,1484.742571,72.82036387
b_385ct2.wav,367.6736804,425.6693024,1637.518455,67.96193189
b_385ct3.wav,352.6597919,569.0119292,1609.089859,59.03253354
b_385ct4.wav,355.6323237,743.6308739,1748.96146,57.27101202
b_85ct1.wav,361.6438361,728.5594963,1824.86416,81.83813328
b_85ct2.wav,373.8145968,596.661131,1839.648349,75.24195912
b_85ct3.wav,357.9374531,683.5582746,1604.714089,80.38444377
b_85ct4.wav,364.4583382,739.2464105,1655.157943,83.47696877
b_86ct1.wav,363.5594575,620.8979626,1987.672403,79.32392998
b_86ct2.wav,370.0503439,442.7378839,1990.361362,76.16792786
b_86ct3.wav,357.0437586,550.7685218,1659.074701,78.98041411
b_86ct4.wav,358.1894087,688.5908065,2056.536323,80.04126866
b_88ct1.wav,359.939871,694.2777356,1762.578815,79.65176064
b_88ct2.wav,360.9006576,505.2769505,1707.214406,74.09597922
b_88ct3.wav,353.7028864,643.7281624,1567.583935,77.97991223
b_88ct4.wav,354.5933278,780.2652687,1797.734916,78.19171792
b_95ct1.wav,368.5355673,652.6705719,1753.914787,80.69450373
b_95ct2.wav,373.1909714,563.4332832,1705.506748,74.91002723
b_95ct3.wav,357.7377168,578.5442871,1529.984264,79.1021826
b_95ct4.wav,359.0524492,684.3527049,1649.710297,79.87344192
c_100ct1.wav,378.5603189,743.0788031,1525.681469,76.28970979
c_100ct2.wav,361.4058436,702.3543563,1529.476191,72.67004987
c_100ct3.wav,365.0261785,706.1827067,1560.014202,75.02907032
c_100ct4.wav,349.6210326,699.9498361,1521.376458,80.78253964
c_109ct1.wav,383.6696301,743.9712106,1684.205254,73.37752083
c_109ct2.wav,380.9614727,738.0608535,1618.230105,73.68633291
c_109ct3.wav,381.9593024,740.142967,1601.538272,75.88465733
c_109ct4.wav,385.0445993,748.1892972,1538.862351,82.0873844
c_111ct1.wav,373.3501656,388.2805015,1254.316488,80.0387371
c_111ct2.wav,369.1003306,416.1966625,1308.093752,70.38772042
c_111ct3.wav,370.8518646,384.5268363,1224.766175,77.64847072
c_111ct4.wav,371.0489762,383.309888,1197.981742,83.35330017
c_116ct1.wav,373.1458677,421.6414657,1122.917322,77.07578227
c_116ct2.wav,364.9352686,456.6724143,1355.222214,70.20268989
c_116ct3.wav,359.9547807,370.8853198,1073.433141,81.46600142
c_116ct4.wav,366.0473049,380.8974766,1093.990213,81.51288883
c_120ct1.wav,367.4620685,697.9968634,1754.618897,38.24509799
c_120ct2.wav,372.6482022,608.6943606,1309.859082,65.11077139
c_120ct3.wav,371.2087379,381.5092508,1122.008817,81.12957247
c_120ct4.wav,374.4776815,376.874168,1179.661282,79.07136423
c_67ct1.wav,372.2100908,704.1259647,1740.190724,73.3602649
c_67ct2.wav,367.7491331,690.0060173,1719.987406,73.11569137
c_67ct3.wav,368.761008,690.8424741,1705.411181,76.45515177
c_67ct4.wav,361.7068728,708.5012945,1600.253896,82.64585235
c_74ct1.wav,368.1101132,685.9886437,1654.537685,76.073338
c_74ct2.wav,367.7055302,747.6915291,1676.696984,72.91447197
c_74ct3.wav,364.9692172,672.8469648,1548.555565,75.25218872
c_74ct4.wav,368.4768832,682.2878827,1609.731622,81.09457979
c_78ct1.wav,362.3792597,772.8502538,1583.108396,77.04970344
c_78ct2.wav,340.5399657,669.1460978,1512.746405,74.38427186
c_78ct3.wav,366.1995926,731.3764782,1530.250343,75.29167344
c_78ct4.wav,363.4211589,678.6858391,1492.069575,80.14962438
c_88ct1.wav,382.9875603,749.2354527,1702.40129,73.85794299
c_88ct2.wav,380.5983207,734.4950885,1603.407382,71.86300426
c_88ct3.wav,391.788951,756.7517218,1580.060101,76.81787622
c_88ct4.wav,384.0389552,750.7115349,1558.886397,82.62575996
c_89ct1.wav,368.3511362,690.2567533,1736.575745,76.97259098
c_89ct2.wav,362.2466929,619.1701395,1588.037262,74.14960009
c_89ct3.wav,375.7313426,732.3225946,1639.811767,78.65028192
c_89ct4.wav,357.1812864,711.6027045,1591.367499,83.51826408
c_98ct1.wav,362.0994594,656.0117493,1673.696168,74.03483949
c_98ct2.wav,352.2478427,841.6695539,1562.320703,72.1441916
c_98ct3.wav,359.4087957,734.9732461,1554.020623,76.27329965
c_98ct4.wav,364.4717572,725.6945381,1479.148332,79.96902576
d_107ct1.wav,381.0456044,659.9806443,1422.778998,78.72297662
d_107ct2.wav,354.2356597,727.7861808,1434.933558,80.15443023
d_107ct3.wav,359.8213375,465.5226871,1437.760419,80.80900568
d_107ct4.wav,350.783966,628.5015198,1389.605917,80.12774141
d_158ct1.wav,367.7672458,774.88754,1517.507369,83.77014464
d_158ct2.wav,356.0559075,751.9547601,1509.971618,84.79095713
d_158ct3.wav,380.5812007,600.5380863,1412.885503,75.81939831
d_158ct4.wav,359.80544,727.0712154,1475.729486,84.55722125
d_160ct1.wav,435.5319887,748.4325945,2126.115442,78.48888213
d_160ct2.wav,426.592365,515.7572029,2177.247923,73.46347869
d_160ct3.wav,425.0121237,479.4425291,2181.994569,75.28827319
d_160ct4.wav,390.9863231,652.8714743,2011.677297,73.62724916
d_161ct1.wav,383.6692219,748.8633653,1679.966965,81.97991385
d_161ct2.wav,241.9390092,721.6825661,1705.566836,74.73321393
d_161ct3.wav,405.7934216,665.2337317,1659.09599,74.40606281
d_161ct4.wav,364.8297574,687.9815255,1604.489977,77.37997788
d_164ct1.wav,426.2471276,894.9755611,1390.870675,75.29120449
d_164ct2.wav,398.7621845,836.6224031,1202.356959,74.16587335
d_164ct3.wav,390.949538,595.378643,1293.214141,73.33061072
d_164ct4.wav,377.7686128,749.9996664,1339.639063,79.015031
d_169ct1.wav,367.803605,751.8105124,1645.21936,76.64768797
d_169ct2.wav,369.0655959,741.3055133,1244.729556,72.11859764
d_169ct3.wav,373.0507438,471.8975702,1294.039201,71.42898062
d_169ct4.wav,364.2247561,775.6216674,1296.241044,78.85927343
d_175ct1.wav,446.0354268,770.230489,1719.549887,79.08655441
d_175ct2.wav,347.5463336,698.3584814,1809.111799,79.74510142
d_175ct3.wav,451.3598845,657.4605492,1982.732759,72.82782431
d_175ct4.wav,445.6015861,764.704224,1899.47155,78.54597475
d_176ct1.wav,425.6809892,690.4930145,1728.050505,78.23589859
d_176ct2.wav,216.9610761,492.3441397,1852.392037,76.09220593
d_176ct3.wav,438.2555888,510.7488284,2027.427437,73.1316646
d_176ct4.wav,431.7404616,595.7261508,1727.743972,76.08142516
d_188ct1.wav,439.0065084,744.2531256,1806.60405,79.68286202
d_188ct2.wav,281.7102317,666.1596174,1860.175976,76.25322662
d_188ct3.wav,439.6348893,598.8791021,1982.95667,73.02385389
d_188ct4.wav,404.2835079,503.9616757,1766.60943,79.33982058
d_191ct1.wav,269.9762803,530.5003203,1823.135779,78.57932586
d_191ct2.wav,257.0258306,559.7312661,1514.305004,80.5743021
d_191ct3.wav,422.4958755,565.4499478,1536.69545,69.0001972
d_191ct4.wav,248.3582197,567.7053566,1689.893162,81.49050744
d_193ct1.wav,439.4125252,479.9924753,1611.874211,76.80746268
d_193ct2.wav,420.536083,551.4107293,1630.053247,75.52500947
d_193ct3.wav,424.9394579,495.8962195,1205.630414,70.53691938
d_193ct4.wav,447.6987831,536.8051802,1498.542696,75.39285971
d_195ct1.wav,439.3575687,481.8117012,1424.225352,76.05636419
d_195ct2.wav,271.6341282,553.4393774,1439.10561,74.4094406
d_195ct3.wav,430.0242035,458.6256366,1097.78613,69.08902893
d_195ct4.wav,438.8051749,478.9816776,1316.710472,73.68510284
d_316ct1.wav,379.3771975,790.5728961,1678.472608,82.33485138
d_316ct2.wav,327.8321933,935.6146403,1616.021283,80.0437095
d_316ct3.wav,384.3408697,621.047936,1445.252585,76.99336609
d_316ct4.wav,363.4237225,719.904956,1430.38245,83.23415225
d_318ct1.wav,402.4698914,827.9417987,1910.662085,80.19620065
d_318ct2.wav,360.173466,735.2340628,1873.119651,78.62825744
d_318ct3.wav,414.5923129,577.509654,1795.109288,75.80088994
d_318ct4.wav,399.161097,643.7060955,1716.813175,76.56698447
d_321ct1.wav,421.974867,871.1076156,1299.478255,75.15992409
d_321ct2.wav,202.2514216,848.9351089,1230.176297,76.61593358
d_321ct3.wav,403.543439,662.74229,1224.551119,74.7083827
d_321ct4.wav,386.5402279,655.8612309,1184.836509,77.35188543
d_331ct1.wav,436.3539677,874.6844788,1973.896733,78.96869378
d_331ct2.wav,222.6878683,576.3286571,1770.335985,77.15837443
d_331ct3.wav,441.8453126,593.2399721,1783.894202,76.01648954
d_331ct4.wav,432.014928,590.4480908,1760.340387,77.39663256
d_332ct1.wav,420.1696957,847.237836,1887.390597,78.07204529
d_332ct2.wav,433.6576409,534.0258467,1758.535885,75.1105967
d_332ct3.wav,215.674799,562.4879288,1761.072497,73.76281006
d_332ct4.wav,213.7575344,537.9264107,1720.890175,75.95118635
d_334ct1.wav,420.9953995,697.9876283,1808.059558,75.67507174
d_334ct2.wav,433.7878783,561.8497405,1782.971705,72.46400948
d_334ct3.wav,432.1334602,549.7285732,1806.066696,75.26687752
d_334ct4.wav,428.109507,500.5817794,1745.438552,74.71297657
d_337ct1.wav,427.2510081,736.4411841,1781.737429,70.34562182
d_337ct2.wav,432.8637753,533.4566261,1839.199892,70.28309158
d_337ct3.wav,433.5842276,535.6033935,1667.722254,74.82138283
d_337ct4.wav,435.3415884,515.1389552,1728.669221,67.56013677
d_355ct1.wav,431.4083873,938.3899654,2004.000723,76.82307942
d_355ct2.wav,437.6915412,541.9727707,1788.670591,76.53224351
d_355ct3.wav,392.4171422,544.2592848,1738.887963,74.58059321
d_355ct4.wav,419.677871,642.9968881,1770.061914,78.04455053
d_357ct1.wav,431.1727088,532.3064404,1893.969009,77.61301267
d_357ct2.wav,342.7398806,558.2915496,1769.000846,79.70243532
d_357ct3.wav,409.6179516,504.1172911,1659.801714,77.76854854
d_357ct4.wav,362.84589,546.333387,1490.998737,79.52225811
d_359ct1.wav,440.2860714,481.9835254,1542.091738,74.70628063
d_359ct2.wav,340.5683068,523.6715705,1473.620391,75.0573012
d_359ct3.wav,436.0698602,509.22937,1381.529433,76.78380042
d_359ct4.wav,433.3230311,510.7118939,1300.711859,74.53987365
d_365ct1.wav,427.9815633,775.1328356,1854.659031,78.62401559
d_365ct2.wav,235.9560689,587.7952165,1839.650091,77.67443307
d_365ct3.wav,437.9966194,715.3397766,1834.548409,72.02325146
d_365ct4.wav,437.7652205,579.9156416,1837.772157,76.75871372
d_376ct1.wav,429.2114589,1154.010348,2166.208493,78.73276112
d_376ct2.wav,388.4589197,552.702203,1780.97096,78.94316713
d_376ct3.wav,446.8352174,579.0197432,1784.806107,74.39352035
d_376ct4.wav,432.7953403,605.1754255,1825.222659,77.48443256
d_377ct1.wav,425.8405697,928.3589674,1961.962864,75.63827053
d_377ct2.wav,382.228867,511.6207508,1790.602126,75.21530934
d_377ct3.wav,438.991529,626.2192495,1810.324188,70.92777184
d_377ct4.wav,435.7671566,534.8076938,1776.013869,74.85381395
d_383ct1.wav,430.0598158,472.2336334,1527.738217,74.14544528
d_383ct2.wav,437.1151979,523.4831881,1521.32113,74.62354674
d_383ct3.wav,443.9131614,578.9004789,1418.246522,72.58263729
d_383ct4.wav,444.8214737,542.6713946,1376.1181,72.87651334
d_384ct1.wav,441.9808551,503.0147942,1537.995853,73.00877695
d_384ct2.wav,369.9349907,500.8250194,1570.390235,76.71424828
d_384ct3.wav,436.587323,666.2163356,1455.217913,75.83352526
d_384ct4.wav,437.5254179,480.0929664,1464.798547,75.31005021
d_393ct1.wav,449.1652651,708.9249004,1774.937046,80.23309553
d_393ct2.wav,446.9345494,712.7866457,1755.619985,78.36455327
d_393ct3.wav,451.3743745,647.0216791,1739.42957,75.86182818
d_393ct4.wav,352.0396283,659.4017983,1813.676973,79.64180159
d_394ct1.wav,429.3736828,854.7834816,1956.580992,80.39823726
d_394ct2.wav,219.9638889,651.3815627,1936.293779,77.7965614
d_394ct3.wav,433.7525118,640.5338544,1972.225028,77.06963107
d_394ct4.wav,427.6735042,519.4314275,1765.84083,78.27794232
d_396ct1.wav,419.5869718,732.7538353,1772.352565,77.00128709
d_396ct2.wav,216.019527,578.9853548,1794.044778,76.29939713
d_396ct3.wav,436.1097879,654.7653584,1855.212577,74.17162537
d_396ct4.wav,429.4434474,543.6309189,1826.630175,75.9632816
d_397ct1.wav,428.0091668,707.9523422,1889.491339,71.67519461
d_397ct2.wav,217.348179,559.5836098,1769.479836,74.21231361
d_397ct3.wav,436.3270641,734.7503482,1822.143913,73.15512028
d_397ct4.wav,447.3691438,522.4787858,1746.813192,70.0176459
d_413ct1.wav,426.290584,920.2017307,1789.453183,79.7788348
d_413ct2.wav,300.8405216,569.0448631,1813.536094,77.42899385
d_413ct3.wav,447.9549638,667.3855124,1781.013186,75.02712734
d_413ct4.wav,431.8635276,648.5448526,1752.813702,78.44964171
d_415ct1.wav,423.6561187,993.7710534,2016.920494,73.63379112
d_415ct2.wav,441.7573032,686.5371306,1826.492654,61.71515094
d_415ct3.wav,444.9140887,967.3356439,2010.276893,58.50146199
d_415ct4.wav,433.0542352,556.7707875,1799.973955,71.87482113
d_417ct1.wav,367.2096392,542.231385,1545.38187,76.84637967
d_417ct2.wav,366.1178623,565.3075787,1788.935177,77.82399896
d_417ct3.wav,352.5790827,567.7457158,1529.875222,78.15774471
d_417ct4.wav,368.394778,560.050019,1774.53571,78.20365775
d_418ct1.wav,419.7914533,565.971303,1507.601635,74.06735001
d_418ct2.wav,355.4554551,555.3548587,1577.958812,75.9881718
d_418ct3.wav,437.9567364,666.3407413,1547.867109,74.97063738
d_418ct4.wav,442.2102929,490.5863776,1378.387816,77.45101676
e_146ct1.wav,355.8806204,542.8906817,1359.611798,67.6826868
e_146ct2.wav,350.7061585,738.4312044,1325.707313,84.37724321
e_146ct3.wav,348.0866459,704.9556003,1396.162308,79.81635183
e_146ct4.wav,344.4320264,672.173966,1431.303324,77.18862776
e_147ct1.wav,352.2795194,667.3556198,1251.208611,65.2225591
e_147ct2.wav,355.9670259,742.5574871,1332.999007,79.81505282
e_147ct3.wav,349.1799872,715.9693893,1365.876373,78.91045363
e_147ct4.wav,342.9592105,676.4579044,1384.13123,77.75455997
e_154ct1.wav,362.1010495,645.2385378,1257.586572,79.37542336
e_154ct2.wav,365.8488702,510.9237781,1086.642535,82.32360664
e_154ct3.wav,389.1835844,495.5193836,1165.415329,78.5735143
e_154ct4.wav,368.3893399,466.810951,1173.022699,80.22431734
e_155ct1.wav,365.7412494,745.8910722,1456.581127,81.7687754
e_155ct2.wav,377.0741985,776.4784177,1421.27957,83.32696658
e_155ct3.wav,411.7950073,915.6175638,1273.848853,76.68530826
e_155ct4.wav,392.2835213,832.4313643,1497.311414,78.19281573
e_165ct1.wav,377.7710284,625.3281192,1308.503819,73.51951145
e_165ct2.wav,356.4301381,719.868089,1259.197308,71.49861193
e_165ct3.wav,368.0608076,639.280394,1107.658546,77.64459828
e_165ct4.wav,361.7856694,671.5197805,1771.306743,76.67835601
e_63ct1.wav,364.6485488,590.2991749,1262.389751,79.5586335
e_63ct2.wav,360.567416,541.518349,1226.287604,80.58150508
e_63ct3.wav,380.4605862,580.8340627,1154.60884,78.11414384
e_63ct4.wav,365.1322179,619.07735,1373.342245,77.02340219
e_74ct1.wav,363.7568336,624.6458362,1173.714939,74.86527789
e_74ct2.wav,356.1962451,643.0370058,1191.193919,74.47125883
e_74ct3.wav,359.4477337,680.538926,1193.095722,76.61609596
e_74ct4.wav,360.7346601,605.598985,1253.66659,77.11002113
